id,date_utc,video_id,privacy,template,location,title
20260924-0831-pallet_bed-58034,2026-09-24 08:32,IjjH06w1I_w,public,pallet_bed,balcony,From Trash Pallets to Cat Bed Glow-Up #diy #shorts
20260924-1747-crate_shelf-66850,2026-09-24 17:48,gwrYgUWgTng,public,crate_shelf,garage,Wooden Crates Into a Cozy Shelf (Cat Approved) #diy #shorts
20260924-2019-ladder_shelf-27759,2026-09-24 20:20,DxEUlF3oDw0,public,ladder_shelf,garden,I Turned a Dusty Ladder Into a Plant Shelf #diy #shorts
20260925-0102-tire_ottoman-04700,2026-09-25 01:03,nisVUWJFevg,public,tire_ottoman,living,I Turned Junk Tires Into a Pinterest Pouf #diy #shorts
20260925-1804-concrete_planters-94721,2026-09-25 18:05,zzpLuq91gyc,public,concrete_planters,balcony,DIY Concrete Planters That Look Expensive #diy #shorts
20260926-1341-block_bench-10396,2026-09-26 13:42,lYB8xExcZDA,public,block_bench,garden,Cheap Cinder Blocks Into a Pinterest Bench #diy #shorts
20260926-1723-pallet_bed-16955,2026-09-26 17:24,0_TBZZgs7iY,public,pallet_bed,garage,I Turned Free Pallets Into a Cozy Cat Bed #diy #shorts
20260926-2241-crate_shelf-20493,2026-09-26 22:42,8DVVxm86IE8,public,crate_shelf,balcony,Wooden Crates Into a Cozy Shelf (Cat Approved) #diy #shorts
20260927-1641-ladder_shelf-13972,2026-09-27 16:42,VHmTr3JQV9g,public,ladder_shelf,living,I Turned a Dusty Ladder Into a Plant Shelf #diy #shorts
20260927-2041-tire_ottoman-98861,2026-09-27 20:42,JNnMxlAWXRQ,public,tire_ottoman,garage,Tire + Rope = My Dog's New Favorite Seat #diy #shorts
20260927-2241-concrete_planters-24473,2026-09-27 22:42,iOt0avXqrRU,public,concrete_planters,garden,DIY Concrete Planters That Look Expensive #diy #shorts
20260928-1641-block_bench-77705,2026-09-28 16:42,GqPaug9QzVE,public,block_bench,balcony,I Built a Bench From Cinder Blocks (Dog Approved) #diy #shorts
